2021/11/30 14:43:35 ,1023
2021/11/30 14:43:35 ,1023
2021/11/30 14:43:35 ,1023
2021/11/30 14:43:35 ,1023
2021/11/30 14:43:35 ,1023
2021/11/30 14:43:35 ,1023
2021/11/30 14:43:35 ,1023
2021/11/30 14:43:36 ,1023
2021/11/30 14:43:36 ,1023
2021/11/30 14:43:36 ,1023
2021/11/30 14:43:36 ,1023
2021/11/30 14:43:36 ,1017
2021/11/30 14:43:36 ,987
2021/11/30 14:43:36 ,959
2021/11/30 14:43:36 ,931
2021/11/30 14:43:36 ,898
2021/11/30 14:43:36 ,862
2021/11/30 14:43:37 ,826
2021/11/30 14:43:37 ,785
2021/11/30 14:43:37 ,739
2021/11/30 14:43:37 ,692
2021/11/30 14:43:37 ,653
2021/11/30 14:43:37 ,619
2021/11/30 14:43:37 ,583
2021/11/30 14:43:37 ,545
2021/11/30 14:43:37 ,504
2021/11/30 14:43:38 ,464
2021/11/30 14:43:38 ,427
2021/11/30 14:43:38 ,388
2021/11/30 14:43:38 ,349
2021/11/30 14:43:38 ,310
2021/11/30 14:43:38 ,274
2021/11/30 14:43:38 ,248
2021/11/30 14:43:38 ,229
2021/11/30 14:43:38 ,213
2021/11/30 14:43:38 ,208
2021/11/30 14:43:39 ,213
2021/11/30 14:43:39 ,224
2021/11/30 14:43:39 ,238
2021/11/30 14:43:39 ,258
2021/11/30 14:43:39 ,277
2021/11/30 14:43:39 ,297
2021/11/30 14:43:39 ,319
2021/11/30 14:43:39 ,345
2021/11/30 14:43:39 ,376
2021/11/30 14:43:39 ,417
2021/11/30 14:43:40 ,468
2021/11/30 14:43:40 ,520
2021/11/30 14:43:40 ,572
2021/11/30 14:43:40 ,619
2021/11/30 14:43:40 ,660
2021/11/30 14:43:40 ,714
2021/11/30 14:43:40 ,752
2021/11/30 14:43:40 ,754
2021/11/30 14:43:40 ,746
2021/11/30 14:43:40 ,720
2021/11/30 14:43:41 ,684
2021/11/30 14:43:41 ,651
2021/11/30 14:43:41 ,629
2021/11/30 14:43:41 ,607
2021/11/30 14:43:41 ,580
2021/11/30 14:43:41 ,547
2021/11/30 14:43:41 ,510
2021/11/30 14:43:41 ,475
2021/11/30 14:43:41 ,440
2021/11/30 14:43:41 ,407
2021/11/30 14:43:42 ,380
2021/11/30 14:43:42 ,347
2021/11/30 14:43:42 ,318
2021/11/30 14:43:42 ,296
2021/11/30 14:43:42 ,274
2021/11/30 14:43:42 ,251
2021/11/30 14:43:42 ,228
2021/11/30 14:43:42 ,202
2021/11/30 14:43:42 ,180
2021/11/30 14:43:42 ,156
2021/11/30 14:43:43 ,130
2021/11/30 14:43:43 ,104
2021/11/30 14:43:43 ,74
2021/11/30 14:43:43 ,49
2021/11/30 14:43:43 ,44
2021/11/30 14:43:43 ,45
2021/11/30 14:43:43 ,81
2021/11/30 14:43:43 ,150
2021/11/30 14:43:43 ,226
2021/11/30 14:43:43 ,302
2021/11/30 14:43:44 ,383
2021/11/30 14:43:44 ,472
2021/11/30 14:43:44 ,566
2021/11/30 14:43:44 ,653
2021/11/30 14:43:44 ,736
2021/11/30 14:43:44 ,834
2021/11/30 14:43:44 ,917
2021/11/30 14:43:44 ,915
2021/11/30 14:43:44 ,850
2021/11/30 14:43:44 ,748
2021/11/30 14:43:45 ,624
2021/11/30 14:43:45 ,517
2021/11/30 14:43:45 ,396
2021/11/30 14:43:45 ,276
2021/11/30 14:43:45 ,180
2021/11/30 14:43:45 ,151
2021/11/30 14:43:45 ,198
2021/11/30 14:43:45 ,330
2021/11/30 14:43:45 ,500
2021/11/30 14:43:45 ,661
2021/11/30 14:43:46 ,804
2021/11/30 14:43:46 ,922
2021/11/30 14:43:46 ,962
2021/11/30 14:43:46 ,900
2021/11/30 14:43:46 ,754
2021/11/30 14:43:46 ,577
2021/11/30 14:43:46 ,416
2021/11/30 14:43:46 ,244
2021/11/30 14:43:46 ,110
2021/11/30 14:43:46 ,27
2021/11/30 14:43:47 ,0
2021/11/30 14:43:47 ,0
2021/11/30 14:43:47 ,0
2021/11/30 14:43:47 ,0
2021/11/30 14:43:47 ,124
2021/11/30 14:43:47 ,360
2021/11/30 14:43:47 ,623
2021/11/30 14:43:47 ,836
2021/11/30 14:43:47 ,1023
2021/11/30 14:43:47 ,1023
2021/11/30 14:43:48 ,1023
2021/11/30 14:43:48 ,1023
2021/11/30 14:43:48 ,1023
2021/11/30 14:43:48 ,1023
2021/11/30 14:43:48 ,1011
2021/11/30 14:43:48 ,831
2021/11/30 14:43:48 ,605
2021/11/30 14:43:48 ,436
2021/11/30 14:43:48 ,275
2021/11/30 14:43:48 ,129
2021/11/30 14:43:49 ,25
2021/11/30 14:43:49 ,108
2021/11/30 14:43:49 ,28
2021/11/30 14:43:49 ,19
2021/11/30 14:43:49 ,41
2021/11/30 14:43:49 ,14
2021/11/30 14:43:49 ,53
2021/11/30 14:43:49 ,27
2021/11/30 14:43:49 ,79
2021/11/30 14:43:49 ,66
2021/11/30 14:43:50 ,60
2021/11/30 14:43:50 ,66
2021/11/30 14:43:50 ,53
2021/11/30 14:43:50 ,9
2021/11/30 14:43:50 ,30
2021/11/30 14:43:50 ,143
2021/11/30 14:43:50 ,209
2021/11/30 14:43:50 ,312
2021/11/30 14:43:50 ,437
2021/11/30 14:43:50 ,453
2021/11/30 14:43:51 ,387
2021/11/30 14:43:51 ,299
2021/11/30 14:43:51 ,311
2021/11/30 14:43:51 ,417
2021/11/30 14:43:51 ,483
2021/11/30 14:43:51 ,461
2021/11/30 14:43:51 ,371
2021/11/30 14:43:51 ,317
2021/11/30 14:43:51 ,322
2021/11/30 14:43:51 ,395
2021/11/30 14:43:52 ,497
2021/11/30 14:43:52 ,572
2021/11/30 14:43:52 ,619
2021/11/30 14:43:52 ,620
